<?xml version="1.0" encoding="UTF-8"?>
<faces-config
    xmlns="http://xmlns.jcp.org/xml/ns/javaee"
    xmlns:xsi="http://www.w3.org/2001/XMLSchema-instance"
    xsi:schemaLocation="http://xmlns.jcp.org/xml/ns/javaee http://xmlns.jcp.org/xml/ns/javaee/web-facesconfig_2_2.xsd"
    version="2.2">
	<managed-bean>
		<managed-bean-name>PersonaBean</managed-bean-name>
		<managed-bean-class>lpBici.controller.PersonaBean</managed-bean-class>
		<managed-bean-scope>session</managed-bean-scope>
	</managed-bean>	
	
	<managed-bean>
		<managed-bean-name>EstacionBean</managed-bean-name>
		<managed-bean-class>lpBici.controller.EstacionBean</managed-bean-class>
		<managed-bean-scope>session</managed-bean-scope>
	</managed-bean>
	
	<managed-bean>
		<managed-bean-name>BicicletaBean</managed-bean-name>
		<managed-bean-class>lpBici.controller.BicicletaBean</managed-bean-class>
		<managed-bean-scope>session</managed-bean-scope>
	</managed-bean>
	
	
	<navigation-rule>
		<display-name>index.xhtml</display-name>
		<from-view-id>/index.xhtml</from-view-id>
		<navigation-case>
			<from-outcome>ExitoLoginUsuario</from-outcome>
			<to-view-id>/LoginUsuario.xhtml</to-view-id>
		</navigation-case>
	</navigation-rule>
	<!--  DE PRUEBA 
		<navigation-rule>
		<display-name>bodyIndex.xhtml</display-name>
		<from-view-id>/bodyIndex.xhtml</from-view-id>
		<navigation-case>
			<from-outcome>ExitoRegistro</from-outcome>
			<to-view-id>/index.xhtml</to-view-id>
		</navigation-case>
	</navigation-rule>-->
	
	<navigation-rule>
		<display-name>index.xhtml</display-name>
		<from-view-id>/index.xhtml</from-view-id>
		<navigation-case>
			<from-outcome>FracasoLogin</from-outcome>
			<to-view-id>/errorlogin.jsp</to-view-id>
		</navigation-case>
	</navigation-rule>
	<navigation-rule>
		<display-name>index.xhtml</display-name>
		<from-view-id>/index.xhtml</from-view-id>
		<navigation-case>
			<from-outcome>ExitoRegistro</from-outcome>
			<to-view-id>/index.xhtml</to-view-id>
		</navigation-case>
	</navigation-rule>
	<navigation-rule>
		<display-name>index.xhtml</display-name>
		<from-view-id>/index.xhtml</from-view-id>
		<navigation-case>
			<from-outcome>FracasoRegistro</from-outcome>
			<to-view-id>/ErrorRegistro.xhtml</to-view-id>
		</navigation-case>
	</navigation-rule>
	<navigation-rule>
		<display-name>AdministracionUsr.xhtml</display-name>
		<from-view-id>/AdministracionUsr.xhtml</from-view-id>
		<navigation-case>
			<from-outcome>Exito_AdminmodUsuario</from-outcome>
			<to-view-id>/AdministracionUsr.xhtml</to-view-id>
		</navigation-case>
	</navigation-rule>
	<navigation-rule>
		<display-name>index.xhtml</display-name>
		<from-view-id>/index.xhtml</from-view-id>
		<navigation-case>
			<from-outcome>ExitoLoginAdministrador</from-outcome>
			<to-view-id>/LoginAdministrador.xhtml</to-view-id>
		</navigation-case>
	</navigation-rule>
	<navigation-rule>
		<display-name>AdministracionUsr.xhtml</display-name>
		<from-view-id>/AdministracionUsr.xhtml</from-view-id>
		<navigation-case>
			<from-outcome>Exito_usuarioEliminado</from-outcome>
			<to-view-id>/AdministracionUsr.xhtml</to-view-id>
		</navigation-case>
	</navigation-rule>
	
	<!-- <navigation-rule>
		<display-name>menubar.xhtml</display-name>
		<from-view-id>/menubar.xhtml</from-view-id>
		<navigation-case>
			<from-outcome>exito</from-outcome>
			<to-view-id>/resultado.jsp</to-view-id>
		</navigation-case>
	</navigation-rule>
	<navigation-rule>
		<display-name>menubar.xhtml</display-name>
		<from-view-id>/menubar.xhtml</from-view-id>
		<navigation-case>
			<from-outcome>fracaso</from-outcome>
			<to-view-id>/pepe.jsp</to-view-id>
		</navigation-case>
	</navigation-rule> -->
	
	<navigation-rule>
		<display-name>perfilUsuario.xhtml</display-name>
		<from-view-id>/perfilUsuario.xhtml</from-view-id>
		<navigation-case>
			<from-outcome>ExitoModPerfilUsuario</from-outcome>
			<to-view-id>/perfilUsuario.xhtml</to-view-id>
		</navigation-case>
	</navigation-rule>
	<navigation-rule>
		<display-name>PerfilAdministrador.xhtml</display-name>
		<from-view-id>/PerfilAdministrador.xhtml</from-view-id>
		<navigation-case>
			<from-outcome>ExitoModPerfilAdministrador</from-outcome>
			<to-view-id>PerfilAdministrador.xhtml</to-view-id>
		</navigation-case>
	</navigation-rule>
	
	<!-- BICICLETA  -->
	
	<navigation-rule>
		<display-name>AltaBicicleta.xhtml</display-name>
		<from-view-id>/AltaBicicleta.xhtml</from-view-id>
		<navigation-case>
			<from-outcome>BicicletaExitoAlta</from-outcome>
			<to-view-id>AltaBicicleta.xhtml</to-view-id>
		</navigation-case>
	</navigation-rule>
	<navigation-rule>
		<display-name>AltaBicicleta.xhtml</display-name>
		<from-view-id>/AltaBicicleta.xhtml</from-view-id>
		<navigation-case>
			<from-outcome>BicicletaFracasoAlta</from-outcome>
			<to-view-id>AltaBicicleta.xhtml</to-view-id>
		</navigation-case>
	</navigation-rule>
	
	<navigation-rule>
		<display-name>AdministracionBicicletas.xhtml</display-name>
		<from-view-id>/AdministracionBicicletas.xhtml</from-view-id>
		<navigation-case>
			<from-outcome>BicicletaExitoModificada</from-outcome>
			<to-view-id>AdministracionBicicletas.xhtml</to-view-id>
		</navigation-case>
	</navigation-rule>
	
	<navigation-rule>
		<display-name>AdministracionBicicletas.xhtml</display-name>
		<from-view-id>/AdministracionBicicletas.xhtml</from-view-id>
		<navigation-case>
			<from-outcome>BicicletaFracasoModificada</from-outcome>
			<to-view-id>AdministracionBicicletas.xhtml</to-view-id>
		</navigation-case>
	</navigation-rule>
	
	
	<navigation-rule>
	<display-name>AdministracionBicicletas.xhtml</display-name>
		<from-view-id>/AdministracionBicicletas.xhtml</from-view-id>
		<navigation-case>
			<from-outcome>BicicletaExitoEliminada</from-outcome>
			<to-view-id>AdministracionBicicletas.xhtml</to-view-id>
		</navigation-case>
	</navigation-rule>
	
	<!-- ESTACION -->
			<!--  ALTA  -->
	<navigation-rule>
		<display-name>AltaEstacion.xhtml</display-name>
		<from-view-id>/AltaEstacion.xhtml</from-view-id>
		<navigation-case>
			<from-outcome>ExitoAltaEstacion</from-outcome>
			<to-view-id>AltaEstacion.xhtml</to-view-id>
		</navigation-case>
	</navigation-rule>
	
	<navigation-rule>
		<display-name>AltaEstacion.xhtml</display-name>
		<from-view-id>/AltaEstacion.xhtml</from-view-id>
		<navigation-case>
			<from-outcome>FracasoAltaEstacion</from-outcome>
			<to-view-id>AltaEstacion.xhtml</to-view-id>
		</navigation-case>
	</navigation-rule>
	
	<!--  BAJA  -->
	
	<navigation-rule>
		<display-name>AdministracionEstaciones.xhtml</display-name>
		<from-view-id>/AdministracionEstaciones.xhtml</from-view-id>
		<navigation-case>
			<from-outcome>ExitoEliminarEstacion</from-outcome>
			<to-view-id>AdministracionEstaciones.xhtml</to-view-id>
		</navigation-case>
	</navigation-rule>
	
	
	<!--  MODIFICACION -->
	
	<navigation-rule>
		<display-name>AdministracionEstaciones.xhtml</display-name>
		<from-view-id>/AdministracionEstaciones.xhtml</from-view-id>
		<navigation-case>
			<from-outcome>ExitoModEstacion</from-outcome>
			<to-view-id>AdministracionEstaciones.xhtml</to-view-id>
		</navigation-case>
	</navigation-rule>
	
	
	<!--  PAGINA DE ESTACION GENERICA ADMINISTRADOR -->
	<navigation-rule>
		<display-name>AdministracionEstaciones.xhtml</display-name>
		<from-view-id>/AdministracionEstaciones.xhtml</from-view-id>
		<navigation-case>
			<from-outcome>ForwardEstacionGenericaAdmin</from-outcome>
			<to-view-id>AdministracionEstacionGenerica.xhtml</to-view-id>
		</navigation-case>
	</navigation-rule>
	
		<!--  PAGINA DE ESTACION GENERICA USUARIO -->
	<navigation-rule>
		<display-name>EstacionesUsuario.xhtml</display-name>
		<from-view-id>/EstacionesUsuario.xhtml</from-view-id>
		<navigation-case>
			<from-outcome>ForwardEstacionGenericaUsuario</from-outcome>
			<to-view-id>EstacionGenericaUsuario.xhtml</to-view-id>
		</navigation-case>
	</navigation-rule>
	
	<navigation-rule>
		<display-name>EstacionGenericaUsuario.xhtml</display-name>
		<from-view-id>/EstacionGenericaUsuario.xhtml</from-view-id>
		<navigation-case>
			<from-outcome>ExitoRetiroBicicleta</from-outcome>
			<to-view-id>EstacionGenericaUsuario.xhtml</to-view-id>
		</navigation-case>
	</navigation-rule>
	
	<navigation-rule>
		<display-name>EstacionGenericaUsuario.xhtml</display-name>
		<from-view-id>/EstacionGenericaUsuario.xhtml</from-view-id>
		<navigation-case>
			<from-outcome>FracasoRetiroBicicleta</from-outcome>
			<to-view-id>EstacionGenericaUsuario.xhtml</to-view-id>
		</navigation-case>
	</navigation-rule>
	
	
	
</faces-config>
